"DESCRIPTION","DURATION IN MS","NAME","PARENT SUITE","START TIME","STATUS","STOP TIME","SUB SUITE","SUITE","TEST CLASS","TEST METHOD"
"","35920","1.5. Add item from Scan page -- redirect to Item View/Media tab","Add Item","Wed May 28 21:32:19 UTC 2025","passed","Wed May 28 21:32:55 UTC 2025","","1. Org Admin","",""
"","818","1.1 Email & Task - when Case created - all records - 1 user as email recipient","Workflows","Wed May 28 21:17:34 UTC 2025","failed","Wed May 28 21:17:35 UTC 2025","","1. Case Workflows - all case fields enabled in Org Settings","",""
"","87830","3.1 Verify ""Re-Distribute"" for ""Past Due"" cases","Auto-Disposition","Wed May 28 21:17:11 UTC 2025","failed","Wed May 28 21:18:39 UTC 2025","","3. Verify ""Re-Distribute Case Review Dates"" functionality","",""
"","67609","1. Edit and verify all values on Item View page -- replace the current values in multiselect fields - Tags & Item Belongs To","","Wed May 28 21:25:25 UTC 2025","failed","Wed May 28 21:26:33 UTC 2025","","Edit Item","",""
"","8","A.U_3. Add External User","Add User","Wed May 28 21:55:02 UTC 2025","skipped","Wed May 28 21:55:02 UTC 2025","","1.1 Org Admin","",""
"","53640","1.1 All fields enabled -- ""Item Belongs To Shows All People"" turned ON in Org Settings -- multiple people not linked to Primary Case are selected in ""Item Belongs to"" field ","Add Item","Wed May 28 21:30:56 UTC 2025","passed","Wed May 28 21:31:49 UTC 2025","","1. Org Admin","",""
"","164","2.2. Scanning some barcodes multiple times and checking all types of discrepancies in one Report: ""Barcode valid but not found in the system""""Items Not Scanned"", ""Wrong Storage Location"",""Container Not Scanned"",""Containers in Wrong Location""","Inventory Reports","Wed May 28 21:16:00 UTC 2025","failed","Wed May 28 21:16:00 UTC 2025","","2. Parent/child locations with items and containers","",""
"","0","4. Import update for item status (Disposal transaction)","","Wed May 28 21:16:26 UTC 2025","skipped","Wed May 28 21:16:26 UTC 2025","","Import Item Updates","",""
"","179","1.1.1 'equals' correct Person's name","Search Checkouts","Wed May 28 21:16:28 UTC 2025","failed","Wed May 28 21:16:28 UTC 2025","1.1 Checked Out To","1 Org Admin","",""
"","0","I.C_4 Five thousand cases and verify cases count on search by ","","Wed May 28 21:16:17 UTC 2025","skipped","Wed May 28 21:16:17 UTC 2025","","Import Cases","",""
"","2","I.N_5 Five thousand tasks and verify count on search","","Wed May 28 21:16:54 UTC 2025","skipped","Wed May 28 21:16:54 UTC 2025","","Import Tasks","",""
"","17971","1.3. Business Name populated only -- redirect to Add Item page","Add Person","Wed May 28 21:47:28 UTC 2025","passed","Wed May 28 21:47:46 UTC 2025","","1. Org Admin","",""
"","34050","1.1.4 validation message for inactive user account","Add User","Wed May 28 21:54:28 UTC 2025","passed","Wed May 28 21:55:02 UTC 2025","","1.1 Org Admin","",""
"","0","6 Validation messages for blank values","","Wed May 28 21:16:45 UTC 2025","skipped","Wed May 28 21:16:45 UTC 2025","","Import Legacy Chain of Custody","",""
"","1","1. Import Person with all updated fields","","Wed May 28 21:17:47 UTC 2025","broken","Wed May 28 21:17:47 UTC 2025","","Import People Updates","",""
"","736","I.T_1.1 Import Legacy Tasks for Case","","Wed May 28 21:16:53 UTC 2025","failed","Wed May 28 21:16:53 UTC 2025","","Import Tasks","",""
"","24881","4.  Case Number Formatting at Org level -- old case that was saved without formatting can be edited without changing Case Number or changing it with proper format","","Wed May 28 21:22:11 UTC 2025","passed","Wed May 28 21:22:35 UTC 2025","","Edit Case","",""
"","0","2 Import Locations with required fields - verify default properties","","Wed May 28 21:17:04 UTC 2025","skipped","Wed May 28 21:17:04 UTC 2025","","Import Locations","",""
"","50792","3.3 --- with required Currency Form attached - System Template","Add Item","Wed May 28 21:38:33 UTC 2025","passed","Wed May 28 21:39:24 UTC 2025","","3 Add Item with Custom Form","",""
"","45647","1.8. Add Item from Person View/ Items Custodian tab -- redirect to Split Item page and complete the action","Add Item","Wed May 28 21:34:15 UTC 2025","passed","Wed May 28 21:35:01 UTC 2025","","1. Org Admin","",""
"","34331","4.1 verify Org Default Case Number Prefix, clear a default value and save the other one","Add Case","Wed May 28 21:21:11 UTC 2025","passed","Wed May 28 21:21:45 UTC 2025","","4. --- with Default Case Number in Org ","",""
"","136","2.1. Create and run DR for 2 storage locations that have: container with item, empty container, sub-location, empty sub-container and sub-container with item - No Discrepancies Found","Inventory Reports","Wed May 28 21:15:59 UTC 2025","failed","Wed May 28 21:16:00 UTC 2025","","2. Parent/child locations with items and containers","",""
"","148","1.2 Validation messages","","Wed May 28 21:17:07 UTC 2025","failed","Wed May 28 21:17:07 UTC 2025","","Login page","",""
"","47513","4. Edit and verify reduced number of values on Item View page ","","Wed May 28 21:29:33 UTC 2025","passed","Wed May 28 21:30:20 UTC 2025","","Edit Item","",""
"","4","5 Five thousand notes for Item and verify notes count on search","","Wed May 28 21:17:25 UTC 2025","skipped","Wed May 28 21:17:25 UTC 2025","","Import Notes","",""
"","780","9 Validation messages for blank values","","Wed May 28 21:17:27 UTC 2025","failed","Wed May 28 21:17:28 UTC 2025","","Import Notes","",""
"","1","1.4 Org Admin-- minimum case fields -- redirect to Add Person page","Add Case","Wed May 28 21:17:09 UTC 2025","skipped","Wed May 28 21:17:09 UTC 2025","","1. --- No Case Number formatting in Org/Office, AutoDispo ON","",""
"","717","I.T_1.2 Import Legacy Tasks for Case - Precheck Only","","Wed May 28 21:16:53 UTC 2025","failed","Wed May 28 21:16:54 UTC 2025","","Import Tasks","",""
"","114909","7.1 verify all values are properly saved to the custom form -single user in custom User/User Group field","Add Case","Wed May 28 21:24:29 UTC 2025","passed","Wed May 28 21:26:24 UTC 2025","","7. --- with required Custom Form filled out, all required fields on Form","",""
"","6623","1. Edit and verify all values on Person View page","","Wed May 28 21:31:53 UTC 2025","failed","Wed May 28 21:32:00 UTC 2025","","Edit Person","",""
"","0","1.4. Create and run DR for multiple parent and child locations - starting with Child loc -  No Discrepancies Found","Inventory Reports","Wed May 28 21:15:58 UTC 2025","skipped","Wed May 28 21:15:58 UTC 2025","","1. Parent/child locations with items but without containers","",""
"","15470","3.2 verify Office Case Number Format with custom validation message","Add Case","Wed May 28 21:20:50 UTC 2025","passed","Wed May 28 21:21:06 UTC 2025","","3. --- with Case Number formatting in Office ","",""
"","665","I.U_1 Import and verify User with all fields","","Wed May 28 21:17:56 UTC 2025","failed","Wed May 28 21:17:56 UTC 2025","","Import Users","",""
"","0","1.5 Org Admin-- minimum case fields -- redirect to Media tab on Case View page","Add Case","Wed May 28 21:17:09 UTC 2025","skipped","Wed May 28 21:17:09 UTC 2025","","1. --- No Case Number formatting in Org/Office, AutoDispo ON","",""
"","2","1 Import Locations with all fields","","Wed May 28 21:17:04 UTC 2025","broken","Wed May 28 21:17:04 UTC 2025","","Import Locations","",""
"","43168","1.7. Add Item from Person View/ ""Items Belonging to"" tab -- redirect to Add Duplicate Item page and complete the action","Add Item","Wed May 28 21:33:31 UTC 2025","passed","Wed May 28 21:34:14 UTC 2025","","1. Org Admin","",""
"","22935","6. Auto-Assigned Case Number -- Case Number can be edited when Auto-assigning of Case Numbers is enabled for new cases","","Wed May 28 21:23:00 UTC 2025","passed","Wed May 28 21:23:23 UTC 2025","","Edit Case","",""
"","8780","1.3.2 --- with required Custom Form but not filled out, all optional fields on Form","Add User","Wed May 28 21:55:23 UTC 2025","failed","Wed May 28 21:55:32 UTC 2025","","1.3 --- with Custom Forms","",""
"","0","I.C_5 Case Import - Precheck Only","","Wed May 28 21:16:17 UTC 2025","skipped","Wed May 28 21:16:17 UTC 2025","","Import Cases","",""
"","0","1.7 Power User can add case and view/enter/update Review Date/Notes when having AutoDispo permissions","Add Case","Wed May 28 21:17:09 UTC 2025","skipped","Wed May 28 21:17:09 UTC 2025","","1. --- No Case Number formatting in Org/Office, AutoDispo ON","",""
"","63218","A.N_1. Add Note to Case","","Wed May 28 21:45:11 UTC 2025","failed","Wed May 28 21:46:14 UTC 2025","","Add Notes","",""
"","87772","3.2. --- with required Custom Form but not filled out, all optional fields on Form","Add Person","Wed May 28 21:49:26 UTC 2025","failed","Wed May 28 21:50:54 UTC 2025","","3. Add Person with Custom Form","",""
"","230","S.I_1. Search by Item Description","","Wed May 28 21:16:38 UTC 2025","failed","Wed May 28 21:16:38 UTC 2025","","Search Item","",""
"","61515","1. Edit and verify all values on Case View page -- replace the current values in multiselect fields (Case Officers, Tags)","","Wed May 28 21:19:21 UTC 2025","passed","Wed May 28 21:20:23 UTC 2025","","Edit Case","",""
"","0","1.5. Create and run DR for multiple parent and child locations  - starting with Child loc - switching back to parent location-  No Discrepancies Found","Inventory Reports","Wed May 28 21:15:58 UTC 2025","skipped","Wed May 28 21:15:58 UTC 2025","","1. Parent/child locations with items but without containers","",""
"","709","1 Import Media","","Wed May 28 21:17:13 UTC 2025","failed","Wed May 28 21:17:14 UTC 2025","","Import Media","",""
"","0","1.3 Org Admin-- minimum case fields -- redirect to Add Item page","Add Case","Wed May 28 21:17:09 UTC 2025","skipped","Wed May 28 21:17:09 UTC 2025","","1. --- No Case Number formatting in Org/Office, AutoDispo ON","",""
"","17662","1.2. Optional fields disabled -- redirect to View Added Item -- Item Belongs To Shows All People"" turned OFF in Org Settings -- multiple values selected for ""Item Belongs to"" and Tags","Add Item","Wed May 28 21:31:50 UTC 2025","failed","Wed May 28 21:32:07 UTC 2025","","1. Org Admin","",""
"","0","6. Import update for item status (CheckIn transaction)","","Wed May 28 21:16:26 UTC 2025","skipped","Wed May 28 21:16:26 UTC 2025","","Import Item Updates","",""
"","729","1.1 all fields turned on and edited, ""overwrite existing values"" turned OFF","Mass Update Cases","Wed May 28 21:16:08 UTC 2025","failed","Wed May 28 21:16:09 UTC 2025","","1. all fields enabled in Org Settings","",""
"","20359","8. Add a Case with disabled fields & check if required fields are displayed properly on Case Edit page after enabling","","Wed May 28 21:24:04 UTC 2025","passed","Wed May 28 21:24:24 UTC 2025","","Edit Case","",""
"","0","5 Validation messages for invalid values","","Wed May 28 21:16:45 UTC 2025","skipped","Wed May 28 21:16:45 UTC 2025","","Import Legacy Chain of Custody","",""
"","0","2 Import Legacy Chain of Custody - Precheck Only","","Wed May 28 21:16:45 UTC 2025","skipped","Wed May 28 21:16:45 UTC 2025","","Import Legacy Chain of Custody","",""
"","740","3 Import Notes for Case - Precheck Only","","Wed May 28 21:17:24 UTC 2025","failed","Wed May 28 21:17:25 UTC 2025","","Import Notes","",""
"","6072","1.3. Add Item from Case View /Items tab -- redirect to Add Item page again","Add Item","Wed May 28 21:32:07 UTC 2025","failed","Wed May 28 21:32:13 UTC 2025","","1. Org Admin","",""
"","0","1.2 Org Admin-- minimum case fields -- redirect to Add Case page again","Add Case","Wed May 28 21:17:09 UTC 2025","skipped","Wed May 28 21:17:09 UTC 2025","","1. --- No Case Number formatting in Org/Office, AutoDispo ON","",""
"","4990","1.9. Only active people should show up in ""Recovered By"" field when searching by first/middle/last name or email","Add Item","Wed May 28 21:35:01 UTC 2025","failed","Wed May 28 21:35:06 UTC 2025","","1. Org Admin","",""
"","742","2 Import Notes for Item","","Wed May 28 21:17:23 UTC 2025","failed","Wed May 28 21:17:24 UTC 2025","","Import Notes","",""
"","0","1.7. Create and run DR for single child location - multiple Discrepancies Found","Inventory Reports","Wed May 28 21:15:58 UTC 2025","skipped","Wed May 28 21:15:58 UTC 2025","","1. Parent/child locations with items but without containers","",""
"","84933","9.1 verify multiple Users and Groups can be saved in Case Officers field and Custom User/User Group","Add Case","Wed May 28 21:27:33 UTC 2025","passed","Wed May 28 21:28:58 UTC 2025","","9. --- with multiple users/groups in Case Officers field","",""
"","1246","1.8. Create and run DR for multiple storage locations - multiple Discrepancies Found","Inventory Reports","Wed May 28 21:15:58 UTC 2025","failed","Wed May 28 21:15:59 UTC 2025","","1. Parent/child locations with items but without containers","",""
"","761","3. Import Person with all fields - Precheck Only","","Wed May 28 21:17:37 UTC 2025","failed","Wed May 28 21:17:38 UTC 2025","","Import People","",""
"","68348","3.4 --- Duplicating item with Currency Form attached","Add Item","Wed May 28 21:39:24 UTC 2025","passed","Wed May 28 21:40:33 UTC 2025","","3 Add Item with Custom Form","",""
"","15856","A.M_4. Add Media to Task","","Wed May 28 21:44:33 UTC 2025","passed","Wed May 28 21:44:49 UTC 2025","","Add Media","",""
"","1","5. Import update for item status (Undispose transaction)","","Wed May 28 21:16:26 UTC 2025","skipped","Wed May 28 21:16:26 UTC 2025","","Import Item Updates","",""
"","31271","5. Add an Item with disabled non required / required fields & check if those are shown up on Item Edit page after enabling","","Wed May 28 21:30:21 UTC 2025","passed","Wed May 28 21:30:53 UTC 2025","","Edit Item","",""
"","1","I.C_2 Case with minimum number of fields","","Wed May 28 21:16:17 UTC 2025","skipped","Wed May 28 21:16:17 UTC 2025","","Import Cases","",""
"","36981","1.1. All fields enabled -- redirect to View Added Person","Add Person","Wed May 28 21:46:30 UTC 2025","passed","Wed May 28 21:47:07 UTC 2025","","1. Org Admin","",""
"","66737","3. Remove all optional values & check history records","","Wed May 28 21:28:26 UTC 2025","failed","Wed May 28 21:29:33 UTC 2025","","Edit Item","",""
"","0","7. Item Updates Import - Precheck Only","","Wed May 28 21:16:26 UTC 2025","skipped","Wed May 28 21:16:26 UTC 2025","","Import Item Updates","",""
"","777","2. Import and verify Person with minimum fields","","Wed May 28 21:17:36 UTC 2025","failed","Wed May 28 21:17:37 UTC 2025","","Import People","",""
"","631","1. Report from Case View page - Items tab","Reports","Wed May 28 21:17:16 UTC 2025","failed","Wed May 28 21:17:17 UTC 2025","","Verify generating and opening Report ""Primary Label 4X3""","",""
"","548","1. Verify list of already existing services are in place and all listed services have a green status","","Wed May 28 21:17:26 UTC 2025","failed","Wed May 28 21:17:27 UTC 2025","","System Services Page: verify the existing Services are in place, if a new Service gets added =>check the status for all of those","",""
"","1","I.C_1 Case with all fields -- user and user group in Case Officer(s) field","","Wed May 28 21:16:17 UTC 2025","broken","Wed May 28 21:16:17 UTC 2025","","Import Cases","",""
"","14454","1.1.1 Add task with required fields only -- Unassigned-- keep template content-- search for task on the grid by Creator name-- verify values on grid","Add Task","Wed May 28 21:51:35 UTC 2025","failed","Wed May 28 21:51:49 UTC 2025","","1.1 Org Admin","",""
"","45379","3. Edit and verify reduced number of values on Case View page -- enter User Group instead of User as Case Officer","","Wed May 28 21:21:24 UTC 2025","passed","Wed May 28 21:22:10 UTC 2025","","Edit Case","",""
"","2","1 Import Legacy Chain of Custody - Checked In transaction","","Wed May 28 21:16:45 UTC 2025","broken","Wed May 28 21:16:45 UTC 2025","","Import Legacy Chain of Custody","",""
"","2","1.1 Org Admin-- All fields enabled -- redirect to View Added Case","Add Case","Wed May 28 21:17:09 UTC 2025","broken","Wed May 28 21:17:09 UTC 2025","","1. --- No Case Number formatting in Org/Office, AutoDispo ON","",""
"","109141","3.2 --- with required Custom Form but not filled out, all optional fields on Form","Add Item","Wed May 28 21:36:44 UTC 2025","failed","Wed May 28 21:38:33 UTC 2025","","3 Add Item with Custom Form","",""
"","90181","3.1 --- with required Custom Form filled out, all required fields on Form","Add Item","Wed May 28 21:35:14 UTC 2025","failed","Wed May 28 21:36:44 UTC 2025","","3 Add Item with Custom Form","",""
"","0","3. Import update for item status (Move transaction)","","Wed May 28 21:16:26 UTC 2025","skipped","Wed May 28 21:16:26 UTC 2025","","Import Item Updates","",""
"","0","4 Validation messages for wrongly formatted values","","Wed May 28 21:16:45 UTC 2025","skipped","Wed May 28 21:16:45 UTC 2025","","Import Legacy Chain of Custody","",""
"","20504","A.M_2. Add Media to Item","","Wed May 28 21:43:56 UTC 2025","passed","Wed May 28 21:44:16 UTC 2025","","Add Media","",""
"","36883","6.1 verify Auto Assigned Case Number with Default Case Number Prefix","Add Case","Wed May 28 21:23:42 UTC 2025","passed","Wed May 28 21:24:19 UTC 2025","","6. --- with Auto Assigned Case Number ","",""
"","683","6 Validation messages for not mapped fields","","Wed May 28 21:17:25 UTC 2025","failed","Wed May 28 21:17:25 UTC 2025","","Import Notes","",""
"","16921","A.M_3. Add Media to Person","","Wed May 28 21:44:16 UTC 2025","passed","Wed May 28 21:44:33 UTC 2025","","Add Media","",""
"","3073","U.A_1. Send verification email","","Wed May 28 21:16:48 UTC 2025","failed","Wed May 28 21:16:51 UTC 2025","","User Actions","",""
"","9110","1.3.1 --- with required Custom Form filled out, all required fields on Form","Add User","Wed May 28 21:55:14 UTC 2025","failed","Wed May 28 21:55:23 UTC 2025","","1.3 --- with Custom Forms","",""
"","24200","5. Case Number Formatting at Office level -- old case that was saved without formatting can be edited without changing Case Number or changing it with proper format","","Wed May 28 21:22:36 UTC 2025","passed","Wed May 28 21:23:00 UTC 2025","","Edit Case","",""
"","13392","1.4. redirect to Case View page","Add Person","Wed May 28 21:47:46 UTC 2025","passed","Wed May 28 21:48:00 UTC 2025","","1. Org Admin","",""
"","0","2. Import update for item status (Check Out transaction)","","Wed May 28 21:16:26 UTC 2025","skipped","Wed May 28 21:16:26 UTC 2025","","Import Item Updates","",""
"","32714","4.2 verify Org Default Case Number Prefix, keep a default value as part of the Case Number","Add Case","Wed May 28 21:21:46 UTC 2025","passed","Wed May 28 21:22:19 UTC 2025","","4. --- with Default Case Number in Org ","",""
"","64444","1 Edit newly added user, change all values, verify on the grid, and check all/active/inactive filters","","Wed May 28 21:34:20 UTC 2025","passed","Wed May 28 21:35:24 UTC 2025","","Edit User","",""
"","46664","A.M_1. Add Media to Case","","Wed May 28 21:43:09 UTC 2025","passed","Wed May 28 21:43:56 UTC 2025","","Add Media","",""
"","24321","4.3 verify Org Default Case Number Prefix and Org Formatting pattern, before and after page reload","Add Case","Wed May 28 21:22:19 UTC 2025","passed","Wed May 28 21:22:43 UTC 2025","","4. --- with Default Case Number in Org ","",""
"","237","2. Verify Transfer transaction and enabled/disabled actions for Checked Out item","","Wed May 28 21:37:15 UTC 2025","failed","Wed May 28 21:37:15 UTC 2025","","Item Transactions & Actions","",""
"","823","3 Import Locations - Precheck Only","","Wed May 28 21:17:04 UTC 2025","failed","Wed May 28 21:17:04 UTC 2025","","Import Locations","",""
"","63699","1.1.1. add user with all fields -- log in with newly created account","Add User","Wed May 28 21:52:44 UTC 2025","passed","Wed May 28 21:53:48 UTC 2025","","1.1 Org Admin","",""
"","21081","1.2. Optional fields disabled -- First & Last Name populated -- redirect to Add Person page again","Add Person","Wed May 28 21:47:07 UTC 2025","passed","Wed May 28 21:47:28 UTC 2025","","1. Org Admin","",""
"","76733","3.1. --- with required Custom Form filled out, all required fields on Form","Add Person","Wed May 28 21:48:09 UTC 2025","failed","Wed May 28 21:49:26 UTC 2025","","3. Add Person with Custom Form","",""
"","3","5 Five thousand notes for Case and verify notes count on search","","Wed May 28 21:17:25 UTC 2025","skipped","Wed May 28 21:17:25 UTC 2025","","Import Notes","",""
"","30367","3. Edit and verify reduced number of values on Person View page - Business Name","","Wed May 28 21:32:05 UTC 2025","passed","Wed May 28 21:32:36 UTC 2025","","Edit Person","",""
"","533","2.2 Confirmation on warning modal completes login and logs out user on other machine","Login page","Wed May 28 21:17:07 UTC 2025","failed","Wed May 28 21:17:08 UTC 2025","","2. Warning that user is logged in on other browser or device","",""
"","0","I.C_3 Case with custom fields","","Wed May 28 21:16:17 UTC 2025","skipped","Wed May 28 21:16:17 UTC 2025","","Import Cases","",""
"","0","1.6. Create and run DR for single parent location - multiple Discrepancies Found","Inventory Reports","Wed May 28 21:15:58 UTC 2025","skipped","Wed May 28 21:15:58 UTC 2025","","1. Parent/child locations with items but without containers","",""
"","5182","1.1.3 validation message for missing permissions","Add User","Wed May 28 21:54:23 UTC 2025","failed","Wed May 28 21:54:28 UTC 2025","","1.1 Org Admin","",""
"","112513","2. Edit and verify all values on Item View page -- keep the previous values in multiselect fields  - Tags & Item Belongs To; 2.1. hitting *enter* button does not wipe out Additional Barcode","","Wed May 28 21:26:33 UTC 2025","passed","Wed May 28 21:28:25 UTC 2025","","Edit Item","",""
"","1","1.1. DR for single parent location - No Discrepancies Found","Inventory Reports","Wed May 28 21:15:58 UTC 2025","broken","Wed May 28 21:15:58 UTC 2025","","1. Parent/child locations with items but without containers","",""
"","736","1. Import and verify People with all fields - 1 person linked to 1 case, other person linked to 2 cases","","Wed May 28 21:17:35 UTC 2025","failed","Wed May 28 21:17:36 UTC 2025","","Import People","",""
"","85003","2.2 verify Org Case Number Format with custom validation message","Add Case","Wed May 28 21:18:42 UTC 2025","failed","Wed May 28 21:20:07 UTC 2025","","2. --- with Case Number formatting in Org, AutoDispo OFF ","",""
"","728","7 Validation messages for wrongly formatted values","","Wed May 28 21:17:25 UTC 2025","failed","Wed May 28 21:17:26 UTC 2025","","Import Notes","",""
"","1","3 Validation messages for not mapped fields","","Wed May 28 21:16:45 UTC 2025","skipped","Wed May 28 21:16:45 UTC 2025","","Import Legacy Chain of Custody","",""
"","127","3. Scanning 1000 items during Inventory report","Inventory Reports","Wed May 28 21:16:00 UTC 2025","failed","Wed May 28 21:16:00 UTC 2025","","2. Scanning 1000 items","",""
"","1","2. Item with all fields - Disposed Status","","Wed May 28 21:16:35 UTC 2025","broken","Wed May 28 21:16:35 UTC 2025","","Import Items","",""
"","88075","2.1 verify Org Case Number Format and check that Case Review Date/Notes is NOT displayed for Org Admin","Add Case","Wed May 28 21:17:14 UTC 2025","failed","Wed May 28 21:18:42 UTC 2025","","2. --- with Case Number formatting in Org, AutoDispo OFF ","",""
"","58619","2. Edit and verify all values on Case View page -- keep the previous values and add new ones in multiselect fields (Case Officers, Tags)","","Wed May 28 21:20:24 UTC 2025","passed","Wed May 28 21:21:23 UTC 2025","","Edit Case","",""
"","691","8 Validation messages for invalid values","","Wed May 28 21:17:26 UTC 2025","failed","Wed May 28 21:17:27 UTC 2025","","Import Notes","",""
"","787","I.U_1 Import User with all fields - Precheck Only","","Wed May 28 21:17:56 UTC 2025","failed","Wed May 28 21:17:57 UTC 2025","","Import Users","",""
"","7856","2.1 verify that user can add all values but can select only Storage Location(s) that s/he has access to","Add Item","Wed May 28 21:35:06 UTC 2025","failed","Wed May 28 21:35:14 UTC 2025","","2 Power User -- all permissions in Office, with and without access to Storage Location","",""
"","11356","1.2.1. Office Admin can create a new user account","Add User","Wed May 28 21:55:02 UTC 2025","failed","Wed May 28 21:55:14 UTC 2025","","1.2 Power User -- all permissions in Office","",""
"","2","I.C.U_1. Import Case Updates - all fields -- user and user group in Case Officer(s) field","","Wed May 28 21:16:08 UTC 2025","broken","Wed May 28 21:16:08 UTC 2025","","Import Case Updates","",""
"","5286","1.4. Add item from Item Search -- redirect to Case View /Items tab","Add Item","Wed May 28 21:32:14 UTC 2025","failed","Wed May 28 21:32:19 UTC 2025","","1. Org Admin","",""
"","74629","4. Add a Person with disabled fields & check if those are shown up on Person Edit page after enabling all of the rest of the fields and editing Business Name / First Name / Last Name","","Wed May 28 21:32:37 UTC 2025","failed","Wed May 28 21:33:51 UTC 2025","","Edit Person","",""
"","330216","Add Dispo Task with 11 1DA items and assign to Org Admin, --set different actions for item using all variations--using Actions menu and grid, --check statuses and notes upon submission","","Wed May 28 21:56:16 UTC 2025","failed","Wed May 28 22:01:46 UTC 2025","","Dispo Auth","",""
"","50403","8.1 verify that required custom form is attached to the case with blank fields","Add Case","Wed May 28 21:26:33 UTC 2025","passed","Wed May 28 21:27:23 UTC 2025","","8. --- with required Custom Form but not filled out, all optional fields on Form","",""
"","46463","5.1 verify Office Default Case Number Prefix","Add Case","Wed May 28 21:22:49 UTC 2025","failed","Wed May 28 21:23:35 UTC 2025","","5. --- with Default Case Number in Office ","",""
"","5","1. Import updates for all item fields","","Wed May 28 21:16:26 UTC 2025","broken","Wed May 28 21:16:26 UTC 2025","","Import Item Updates","",""
"","685","2 Import Media - Precheck Only","","Wed May 28 21:17:14 UTC 2025","failed","Wed May 28 21:17:15 UTC 2025","","Import Media","",""
"","5641","2. Edit and verify reduced number of values on Person View page - First & Last Name","","Wed May 28 21:32:00 UTC 2025","failed","Wed May 28 21:32:05 UTC 2025","","Edit Person","",""
"","0","2 Import Person with all updated fields - Precheck Only","","Wed May 28 21:17:47 UTC 2025","skipped","Wed May 28 21:17:47 UTC 2025","","Import People Updates","",""
"","40272","7. Remove all optional values & check history records","","Wed May 28 21:23:23 UTC 2025","passed","Wed May 28 21:24:03 UTC 2025","","Edit Case","",""
"","227","1.1.1 equals {email of the user (current user) who created a case}","Cases Search","Wed May 28 21:16:20 UTC 2025","failed","Wed May 28 21:16:20 UTC 2025","1.1 Created By","1 Org Admin","",""
"","35790","1.6. Add Item from Person View/ Items Recovered By -- redirect to Item View/ Notes tab","Add Item","Wed May 28 21:32:55 UTC 2025","passed","Wed May 28 21:33:31 UTC 2025","","1. Org Admin","",""
"","17397","Add User ","","Wed May 28 21:52:01 UTC 2025","failed","Wed May 28 21:52:18 UTC 2025","","Add User","",""
"","0","1.6 Org Admin-- minimum case fields -- redirect to Notes tab on Case View page","Add Case","Wed May 28 21:17:09 UTC 2025","skipped","Wed May 28 21:17:09 UTC 2025","","1. --- No Case Number formatting in Org/Office, AutoDispo ON","",""
"","37003","3.1 verify Office Case Number Format with default validation message","Add Case","Wed May 28 21:20:13 UTC 2025","failed","Wed May 28 21:20:50 UTC 2025","","3. --- with Case Number formatting in Office ","",""
"","0","I.C.U_2 Case Updates Import - Precheck Only","","Wed May 28 21:16:08 UTC 2025","skipped","Wed May 28 21:16:08 UTC 2025","","Import Case Updates","",""
"","34924","1.1.2. add user with required fields only","Add User","Wed May 28 21:53:48 UTC 2025","passed","Wed May 28 21:54:23 UTC 2025","","1.1 Org Admin","",""
"","1","1.2. DR for single child location - No Discrepancies Found","Inventory Reports","Wed May 28 21:15:58 UTC 2025","skipped","Wed May 28 21:15:58 UTC 2025","","1. Parent/child locations with items but without containers","",""
"","0","1.3. DR for multiple parent and child locations - starting with Parent loc - No Discrepancies Found","Inventory Reports","Wed May 28 21:15:58 UTC 2025","skipped","Wed May 28 21:15:58 UTC 2025","","1. Parent/child locations with items but without containers","",""
"","70737","3.5 --- Splitting item with Currency Form attached","Add Item","Wed May 28 21:40:33 UTC 2025","passed","Wed May 28 21:41:44 UTC 2025","","3 Add Item with Custom Form","",""
"","569","2.1 Cancelling warning keeps user logged in on other machine","Login page","Wed May 28 21:17:07 UTC 2025","failed","Wed May 28 21:17:07 UTC 2025","","2. Warning that user is logged in on other browser or device","",""
"","810","1 Import Notes for Case","","Wed May 28 21:17:22 UTC 2025","failed","Wed May 28 21:17:23 UTC 2025","","Import Notes","",""
"","9490","2.1. verify that user can add all values","Add Person","Wed May 28 21:48:00 UTC 2025","failed","Wed May 28 21:48:09 UTC 2025","","2. Power User -- all permissions in Office","",""
"","70185","2.1 Add User to a Group, then add to another Group --> Verify that previous User Group is not overwritten","","Wed May 28 21:35:24 UTC 2025","passed","Wed May 28 21:36:34 UTC 2025","","Edit User","",""
